,starting_Datetime,ending_Datetime,start_frequency,end_frequency,flare_location,flare_region,flare_classification,cme_Datetime,cme_angle,CPA_Is_Halo,cme_width,Width_IS_lower_bound,cme_speed,Row description
0,1997-04-01 14:00:00,1997-04-01 14:00:00,8000,4000,S25E16,8026,M1.3,1997-04-01 15:18:00,74,False,79,False,312,NaN
1,1997-04-07 14:30:00,1997-04-07 14:30:00,11000,1000,S28E19,8027,C6.8,1997-04-07 14:27:00,NA,True,360,False,878,NaN
2,1997-05-12 05:15:00,1997-05-12 05:15:00,12000,80,N21W08,8038,C1.3,1997-05-12 05:30:00,NA,True,360,False,464,NaN
3,1997-05-21 20:20:00,1997-05-21 20:20:00,5000,500,N05W12,8040,M1.3,1997-05-21 21:00:00,263,False,165,False,296,NaN
4,1997-09-23 21:53:00,1997-09-23 21:53:00,6000,2000,S29E25,8088,C1.4,1997-09-23 22:02:00,133,False,155,False,712,NaN
5,1997-11-03 05:15:00,1997-11-03 05:15:00,14000,250,S20W13,8100,C8.6,1997-11-03 05:28:00,240,False,109,False,227,NaN
6,1997-11-03 10:30:00,1997-11-03 10:30:00,14000,5000,S16W21,8100,M4.2,1997-11-03 11:11:00,233,False,122,False,352,NaN
7,1997-11-04 06:00:00,1997-11-04 06:00:00,14000,100,S14W33,8100,X2.1,1997-11-04 06:10:00,NA,True,360,False,785,NaN
8,1997-11-06 12:20:00,1997-11-06 12:20:00,14000,100,S18W63,8100,X9.4,1997-11-06 12:10:00,NA,True,360,False,1556,NaN
9,1997-11-27 13:30:00,1997-11-27 13:30:00,14000,7000,N17E63,8113,X2.6,1997-11-27 13:56:00,98,False,91,False,441,NaN
10,1997-12-12 22:45:00,1997-12-12 22:45:00,14000,8000,N25W52,8116,B9.4,1997-12-13 00:26:00,278,False,73,False,191,NaN
11,1998-01-25 15:03:00,1998-01-25 15:03:00,14000,10000,N21E25,8141,C1.1,1998-01-25 15:26:00,NA,True,360,False,693,NaN
12,1998-03-29 03:40:00,1998-03-29 03:40:00,14000,7000,SW90,NaN,NaN,1998-03-29 03:48:00,NA,True,360,False,1397,NaN
13,1998-04-20 10:25:00,1998-04-20 10:25:00,10000,35,S22W90,8194,M1.4,1998-04-20 10:07:00,284,False,165,False,1863,NaN
14,1998-04-23 06:00:00,1998-04-23 06:00:00,14000,200,S17E90,8210,X1.2,1998-04-23 05:55:00,NA,True,360,False,1691,NaN
15,1998-04-24 09:17:00,1998-04-24 09:17:00,4700,2600,S10E90,8210,C8.9,1998-04-24 08:55:00,100,False,84,False,1184,uncertain
16,1998-04-27 09:20:00,1998-04-27 09:20:00,10000,1000,S16E50,8210,X1.0,1998-04-27 08:56:00,NA,True,360,False,1385,NaN
17,1998-04-29 16:30:00,1998-04-29 16:30:00,10000,2000,S18E20,8210,M6.8,1998-04-29 16:58:00,NA,True,360,False,1374,NaN
18,1998-05-02 14:25:00,1998-05-02 14:25:00,5000,3000,S15W15,8210,X1.1,1998-05-02 14:06:00,NA,True,360,False,938,NaN
19,1998-05-06 08:25:00,1998-05-06 08:25:00,14000,5000,S11W65,8210,X2.7,1998-05-06 08:29:00,309,False,190,False,1099,NaN
20,1998-05-09 03:35:00,1998-05-09 03:35:00,9000,400,S14W89,8210,M7.7,1998-05-09 03:35:00,262,False,178,False,2331,NaN
21,1998-05-11 21:40:00,1998-05-11 21:40:00,10000,1000,N32W90,8214,B6.6,1998-05-11 21:55:00,208,False,301,True,830,NaN
22,1998-05-19 10:00:00,1998-05-19 10:00:00,14000,3000,N29W46,8222,B7.9,1998-05-19 10:27:00,268,False,139,False,801,NaN
23,1998-05-27 13:30:00,1998-05-27 13:30:00,4000,1000,N19W62,8226,C7.5,1998-05-27 13:45:00,175,False,268,False,878,NaN
24,1998-06-11 10:15:00,1998-06-11 10:15:00,8000,4000,N16E86,8243,M1.4,1998-06-11 10:28:00,123,False,177,False,1223,NaN
25,1998-06-16 18:20:00,1998-06-16 18:20:00,12000,50,S22W90,8232,M1.0,1998-06-16 18:27:00,341,False,281,False,1484,NaN
26,1998-06-20 19:39:00,1998-06-20 19:39:00,2600,1800,NaN,NaN,NaN,1998-06-20 18:20:00,NA,True,360,False,964,uncertain
27,1998-06-22 07:15:00,1998-06-22 07:15:00,6000,2000,N16W46,8243,C2.9,1998-06-22 05:01:00,265,False,59,False,206,NaN
28,1998-11-02 14:00:00,1998-11-02 14:00:00,14000,4000,S25E47,8373,C4.4,1998-11-02 14:18:00,116,False,169,False,661,NaN
29,1998-11-05 22:00:00,1998-11-05 22:00:00,5000,50,N22W18,8375,M8.4,1998-11-05 20:44:00,NA,True,360,False,1118,NaN
30,1998-11-06 03:00:00,1998-11-06 03:00:00,5000,1000,NaN,NaN,NaN,1998-11-06 02:18:00,159,False,160,True,405,NaN
31,1998-11-07 00:20:00,1998-11-07 00:20:00,14000,6000,NE90b,NaN,C1.0,1998-11-07 01:54:00,296,False,19,False,381,NaN
32,1998-11-08 11:20:00,1998-11-08 11:20:00,10000,8000,S21W37,NaN,C5.9,1998-11-08 11:54:00,264,False,196,False,559,NaN
33,1998-12-18 17:50:00,1998-12-18 17:50:00,14000,5000,N19E64,8415,M8.0,1998-12-18 18:09:00,NA,True,360,False,1749,NaN
34,1999-04-24 13:50:00,1999-04-24 13:50:00,3700,1500,NW90b,NaN,NaN,1999-04-24 13:31:00,NA,True,360,False,1495,NaN
35,1999-05-03 05:50:00,1999-05-03 05:50:00,8000,200,N15E32,8525,M4.4,1999-05-03 06:06:00,NA,True,360,False,1584,NaN
36,1999-05-27 10:55:00,1999-05-27 10:55:00,14000,70,W90b,NaN,NaN,1999-05-27 11:06:00,NA,True,360,False,1691,NaN
37,1999-06-01 18:50:00,1999-06-01 18:50:00,14000,400,NW90b,NaN,NaN,1999-06-01 19:37:00,NA,True,360,False,1772,NaN
38,1999-06-04 07:05:00,1999-06-04 07:05:00,14000,60,N17W69,8552,M3.9,1999-06-04 07:26:00,289,False,150,False,2230,NaN
39,1999-06-11 11:45:00,1999-06-11 11:45:00,14000,400,N38E90,NaN,C8.8,1999-06-11 11:26:00,35,False,181,True,1569,NaN
40,1999-06-22 18:25:00,1999-06-22 18:25:00,3000,2000,N22E37,8592,M1.7,1999-06-22 18:54:00,NA,True,360,False,1133,NaN
41,1999-06-23 05:50:00,1999-06-23 05:50:00,12000,2000,NaN,NaN,NaN,1999-06-23 06:06:00,264,False,154,True,450,NaN
42,1999-06-23 07:07:00,1999-06-23 07:07:00,14000,2000,N23E42,8596,M1.7,1999-06-23 07:31:00,NA,True,360,False,1006,uncertain
43,1999-06-28 21:03:00,1999-06-28 21:03:00,3500,1500,N22W44,8592,C3.5,1999-06-28 21:30:00,336,False,184,True,903,NaN
44,1999-06-29 19:20:00,1999-06-29 19:20:00,14000,2000,S14E01,8603,M1.6,1999-06-29 19:54:00,NA,True,360,False,560,NaN
45,1999-07-05 03:10:00,1999-07-05 03:10:00,2000,1000,SW90b,8603,C7.6,1999-07-05 02:54:00,284,False,190,False,670,NaN
46,1999-08-28 18:25:00,1999-08-28 18:25:00,16000,12000,S26W14,8674,X1.1,1999-08-28 18:26:00,120,False,245,False,462,NaN
47,1999-09-03 03:00:00,1999-09-03 03:00:00,2000,1000,S36W24,8679,C2.1,1999-09-03 00:06:00,184,False,175,False,512,NaN
48,1999-09-10 07:30:00,1999-09-10 07:30:00,5500,2000,NW90b,NaN,NaN,1999-09-10 07:54:00,18,False,125,False,1467,NaN
49,1999-10-14 09:10:00,1999-10-14 09:10:00,14000,4000,N11E32,8731,X1.8,1999-10-14 09:26:00,NA,True,360,False,1250,NaN
50,1999-10-17 23:27:00,1999-10-17 23:27:00,11500,10000,N03E38,NaN,NaN,1999-10-18 00:06:00,40,False,87,False,247,NaN
51,1999-11-16 03:27:00,1999-11-16 03:27:00,7000,4000,N17E38,8766,M3.8,1999-11-16 03:06:00,81,False,98,False,636,NaN
52,1999-11-16 05:17:00,1999-11-16 05:17:00,14000,7000,N08W39,8759,M1.8,1999-11-16 05:30:00,285,False,129,False,712,NaN
53,2000-01-18 17:31:00,2000-01-18 17:31:00,14000,500,S19E11,8831,M3.9,2000-01-18 17:54:00,NA,True,360,False,739,NaN
54,2000-01-28 20:20:00,2000-01-28 20:20:00,2200,1100,S31W17,8841,C4.7,2000-01-28 20:12:00,NA,True,360,False,1177,NaN
55,2000-02-05 19:34:00,2000-02-05 19:34:00,5800,2900,N26E52,8858,X1.2,2000-02-05 19:54:00,60,False,76,False,632,NaN
56,2000-02-08 09:05:00,2000-02-08 09:05:00,12000,20,N25E26,8858,M1.3,2000-02-08 09:30:00,NA,True,360,False,1079,NaN
57,2000-02-10 01:55:00,2000-02-10 01:55:00,14000,8000,N31E04,8858,C7.3,2000-02-10 02:30:00,NA,True,360,False,944,NaN
58,2000-02-12 03:55:00,2000-02-12 03:55:00,4000,400,N26W23,8858,M1.7,2000-02-12 04:31:00,NA,True,360,False,1107,NaN
59,2000-02-17 20:42:00,2000-02-17 20:42:00,14000,100,S29E07,8872,M1.3,2000-02-17 21:30:00,NA,True,360,False,728,NaN
60,2000-02-18 09:44:00,2000-02-18 09:44:00,2000,1200,NW90b,NaN,C1.1,2000-02-18 09:54:00,286,False,118,False,890,NaN
61,2000-03-02 13:50:00,2000-03-02 13:50:00,14000,6000,S20W58,8882,M6.5,2000-03-02 13:54:00,235,False,76,False,835,NaN
62,2000-03-07 16:24:00,2000-03-07 16:24:00,14000,4500,S22E77,8906,M1.2,2000-03-07 16:30:00,120,False,108,False,644,NaN
63,2000-03-27 06:56:00,2000-03-27 06:56:00,14000,10000,S00E90,8932,C2.3,2000-03-27 07:31:00,129,False,90,False,487,NaN
64,2000-04-04 15:45:00,2000-04-04 15:45:00,14000,9000,N16W66,8933,C9.7,2000-04-04 16:32:00,NA,True,360,False,1188,NaN
65,2000-04-09 23:15:00,2000-04-09 23:15:00,4500,1000,S14W01,8948,M3.1,2000-04-10 00:30:00,NA,True,360,False,409,NaN
66,2000-04-18 15:00:00,2000-04-18 15:00:00,14000,6000,S50W30,altr,FILA,2000-04-18 14:54:00,195,False,105,False,668,NaN
67,2000-05-04 11:10:00,2000-05-04 11:10:00,6500,1000,S17W87,8970,M6.8,2000-05-04 11:26:00,235,False,170,True,1404,NaN
68,2000-05-05 16:35:00,2000-05-05 16:35:00,14000,2500,S17W87,8970,M1.5,2000-05-05 15:50:00,NA,True,360,False,1594,NaN
69,2000-05-07 21:15:00,2000-05-07 21:15:00,14000,500,W90b,NaN,NaN,2000-05-07 20:50:00,NA,True,360,False,1781,NaN
70,2000-05-12 23:34:00,2000-05-12 23:34:00,14000,7000,E90b,NaN,NaN,2000-05-12 23:26:00,NA,True,360,False,2604,NaN
71,2000-05-15 16:47:00,2000-05-15 16:47:00,4800,40,S24W67,8993,C7.8,2000-05-15 16:26:00,257,False,165,True,1212,NaN
72,2000-06-02 22:00:00,2000-06-02 22:00:00,14000,8000,N16E60,9026,M7.6,2000-06-02 21:30:00,69,False,104,False,547,NaN
73,2000-06-06 15:20:00,2000-06-06 15:20:00,14000,40,N20E18,9026,X2.3,2000-06-06 15:54:00,NA,True,360,False,1119,NaN
74,2000-06-10 17:15:00,2000-06-10 17:15:00,10000,1000,N22W38,9026,M5.2,2000-06-10 17:08:00,NA,True,360,False,1108,NaN
75,2000-06-15 19:52:00,2000-06-15 19:52:00,5000,2500,N20W65,9041,M1.8,2000-06-15 20:06:00,298,False,116,False,1081,NaN
76,2000-06-17 03:00:00,2000-06-17 03:00:00,14000,1000,N22W72,9041,M3.5,2000-06-17 03:28:00,298,False,133,False,857,NaN
77,2000-06-19 01:19:00,2000-06-19 01:19:00,3800,1900,N42E60,NaN,NaN,2000-06-18 21:30:00,8,False,49,False,459,This may not be a type II.
78,2000-06-23 14:40:00,2000-06-23 14:40:00,14000,2000,N26W72,9042,M3.0,2000-06-23 14:54:00,282,False,198,True,847,NaN
79,2000-06-25 08:10:00,2000-06-25 08:10:00,12000,2500,N16W55,9046,M1.9,2000-06-25 07:54:00,262,False,165,False,1617,NaN
80,2000-07-10 22:00:00,2000-07-10 22:00:00,14000,1000,N18E49,9077,M5.7,2000-07-10 21:50:00,67,False,289,True,1352,NaN
81,2000-07-11 13:00:00,2000-07-11 13:00:00,12000,1000,N18E27,9077,X1.0,2000-07-11 13:27:00,NA,True,360,False,1078,NaN
82,2000-07-12 20:05:00,2000-07-12 20:05:00,6000,1000,N19W61,9070,M1.5,2000-07-12 20:30:00,281,False,101,False,820,NaN
83,2000-07-14 10:30:00,2000-07-14 10:30:00,14000,80,N22W07,9077,X5.7,2000-07-14 10:54:00,NA,True,360,False,1674,NaN
84,2000-07-22 11:45:00,2000-07-22 11:45:00,14000,2000,N14W56,9085,M3.7,2000-07-22 11:54:00,259,False,229,True,1230,NaN
85,2000-08-11 11:35:00,2000-08-11 11:35:00,2800,2000,NW90b,NaN,NaN,2000-08-11 07:31:00,273,False,70,False,1071,uncertain
86,2000-09-12 12:00:00,2000-09-12 12:00:00,14000,60,S19W06,DSF,M1.0,2000-09-12 11:54:00,NA,True,360,False,1550,NaN
87,2000-09-12 18:15:00,2000-09-12 18:15:00,2000,1000,NE90b,NaN,NaN,2000-09-12 17:30:00,NA,True,360,False,1053,NaN
88,2000-09-16 04:30:00,2000-09-16 04:30:00,14000,400,N14W07,9165,M5.9,2000-09-16 05:18:00,NA,True,360,False,1215,NaN
89,2000-09-19 08:45:00,2000-09-19 08:45:00,12000,1500,N14W46,9165,M5.1,2000-09-19 08:50:00,283,False,76,False,766,NaN
90,2000-09-25 02:20:00,2000-09-25 02:20:00,14000,1000,N09W18,9169,M1.8,2000-09-25 02:50:00,NA,True,360,False,587,NaN
91,2000-10-05 22:10:00,2000-10-05 22:10:00,5000,1250,N25W90,9177,NaN,2000-10-05 18:26:00,323,False,86,False,1046,This may not be a type II.
92,2000-10-16 07:10:00,2000-10-16 07:10:00,14000,1000,N03W90,9182,M2.5,2000-10-16 07:27:00,NA,True,360,False,1336,NaN
93,2000-10-25 09:30:00,2000-10-25 09:30:00,10000,300,N09W63,9199,C4.0,2000-10-25 08:26:00,NA,True,360,False,770,NaN
94,2000-11-03 18:35:00,2000-11-03 18:35:00,4000,2500,N02W02,9213,C3.2,2000-11-03 18:26:00,NA,True,360,False,291,NaN
95,2000-11-08 23:20:00,2000-11-08 23:20:00,4000,200,N10W77,9213,M7.4,2000-11-08 23:06:00,271,False,170,True,1738,NaN
96,2000-11-09 16:15:00,2000-11-09 16:15:00,10000,40,S11E10,9221,M1.0,,NaN,False,NaN,False,NaN,CME_not_measurable_due_to_the_Snow_Storm
97,2000-11-12 14:25:00,2000-11-12 14:25:00,3000,2000,S14E05,9227,C4.4,2000-11-12 14:50:00,257,False,50,False,581,NaN
98,2000-11-23 08:16:00,2000-11-23 08:16:00,14000,9000,S26W40,9238,C5.4,2000-11-23 06:06:00,NA,True,360,False,492,NaN
99,2000-11-23 21:00:00,2000-11-23 21:00:00,3500,3000,S20E60,9239,C7.9,2000-11-23 21:30:00,124,False,148,False,1198,NaN
100,2000-11-24 05:10:00,2000-11-24 05:10:00,14000,100,N20W05,9236,X2.0,2000-11-24 05:30:00,NA,True,360,False,1289,NaN
101,2000-11-24 15:25:00,2000-11-24 15:25:00,14000,200,N22W07,9236,X2.3,2000-11-24 15:30:00,NA,True,360,False,1245,NaN
102,2000-11-24 22:24:00,2000-11-24 22:24:00,4000,3000,N21W14,9236,X1.8,2000-11-24 22:06:00,NA,True,360,False,1005,NaN
103,2000-11-25 01:25:00,2000-11-25 01:25:00,14000,3000,N07E50,9240,M8.2,2000-11-25 01:31:00,NA,True,360,False,2519,NaN
104,2000-11-25 19:00:00,2000-11-25 19:00:00,6000,2000,N20W23,9236,X1.9,2000-11-25 19:31:00,NA,True,360,False,671,NaN
105,2000-11-25 19:55:00,2000-11-25 19:55:00,13000,4000,N20W27,9236,NaN,2000-11-25 21:30:00,345,False,59,False,388,NaN
106,2000-11-26 17:00:00,2000-11-26 17:00:00,14000,7000,N18W38,9236,X4.0,2000-11-26 17:06:00,NA,True,360,False,980,NaN
107,2000-12-28 12:40:00,2000-12-28 12:40:00,14000,1900,NaN,NaN,NaN,2000-12-28 12:06:00,NA,True,360,False,930,NaN
108,2001-01-20 19:12:00,2001-01-20 19:12:00,14000,6000,S07E40,9313,M1.2,2001-01-20 19:31:00,NA,True,360,False,839,NaN
109,2001-01-20 21:30:00,2001-01-20 21:30:00,14000,500,S07E46,9313,M7.7,2001-01-20 21:30:00,NA,True,360,False,1507,NaN
110,2001-01-26 12:06:00,2001-01-26 12:06:00,14000,400,S23W57,9320,C1.6,2001-01-26 12:06:00,276,False,176,False,928,NaN
111,2001-01-28 15:45:00,2001-01-28 15:45:00,14000,200,S04W59,9313,M1.5,2001-01-28 15:54:00,NA,True,360,False,916,NaN
112,2001-02-11 01:40:00,2001-02-11 01:40:00,12000,5500,N24W57,9346,C6.5,2001-02-11 01:31:00,NA,True,360,False,1183,NaN
113,2001-03-10 04:18:00,2001-03-10 04:18:00,14000,4000,N27W42,9368,M6.7,2001-03-10 04:26:00,297,False,81,False,819,NaN
114,2001-03-12 05:35:00,2001-03-12 05:35:00,3000,1500,NaN,NaN,NaN,2001-03-12 05:50:00,233,False,48,False,829,NaN
115,2001-03-27 02:35:00,2001-03-27 02:35:00,6000,1000,N14E17,9393,C7.3,2001-03-27 02:06:00,154,False,60,False,300,NaN
116,2001-03-27 15:00:00,2001-03-27 15:00:00,4000,1500,N15E14,9393,C5.6,2001-03-27 17:06:00,46,False,66,False,340,NaN
117,2001-03-29 10:12:00,2001-03-29 10:12:00,4000,60,N20W19,9393,X1.7,2001-03-29 10:26:00,NA,True,360,False,942,NaN
118,2001-04-02 11:30:00,2001-04-02 11:30:00,14000,5000,N20W70,9393,X1.1,2001-04-02 11:26:00,270,False,80,False,992,NaN
119,2001-04-02 22:05:00,2001-04-02 22:05:00,14000,250,N19W72,9393,X20.,2001-04-02 22:06:00,261,False,244,False,2505,NaN
120,2001-04-03 03:40:00,2001-04-03 03:40:00,14000,400,S21E83,9415,X1.2,2001-04-03 03:26:00,108,False,292,False,1613,NaN
121,2001-04-04 09:50:00,2001-04-04 09:50:00,13000,3000,S21E68,9415,M1.6,2001-04-04 09:50:00,86,False,89,False,1065,NaN
122,2001-04-05 00:00:00,2001-04-05 00:00:00,14000,7500,N14W85,9393,M8.4,2001-04-05 09:06:00,283,False,205,False,1750,uncertain
123,2001-04-06 19:35:00,2001-04-06 19:35:00,14000,230,S21E31,9415,X5.6,2001-04-06 19:30:00,NA,True,360,False,1270,"Double type II, CME-CME interaction?"
124,2001-04-09 15:53:00,2001-04-09 15:53:00,12000,100,S21W04,9415,M7.9,2001-04-09 15:54:00,NA,True,360,False,1192,NaN
125,2001-04-10 05:24:00,2001-04-10 05:24:00,14000,100,S23W09,9415,X2.3,2001-04-10 05:30:00,NA,True,360,False,2411,NaN
126,2001-04-11 13:15:00,2001-04-11 13:15:00,14000,1500,S22W27,9415,M2.3,2001-04-11 13:31:00,NA,True,360,False,1103,NaN
127,2001-04-12 10:20:00,2001-04-12 10:20:00,14000,7000,S19W43,9415,X2.0,2001-04-12 10:31:00,NA,True,360,False,1184,NaN
128,2001-04-15 14:05:00,2001-04-15 14:05:00,14000,40,S20W85,9415,X14.,2001-04-15 14:06:00,245,False,167,False,1199,NaN
129,2001-04-18 02:55:00,2001-04-18 02:55:00,1000,100,SW90b,NaN,C2.2,2001-04-18 02:30:00,NA,True,360,False,2465,NaN
130,2001-04-26 12:40:00,2001-04-26 12:40:00,5000,20,N20W05,9433,M1.5,2001-04-26 12:30:00,NA,True,360,False,1006,NaN
131,2001-05-07 12:00:00,2001-05-07 12:00:00,2000,280,NW90b,NaN,NaN,2001-05-07 12:06:00,286,False,205,False,1223,NaN
132,2001-05-12 23:52:00,2001-05-12 23:52:00,3000,1000,S17E00,9455,M3.0,2001-05-13 02:21:00,190,False,132,False,527,NaN
133,2001-05-30 00:25:00,2001-05-30 00:25:00,14000,1000,E90b,9481,NaN,2001-05-30 00:06:00,70,False,216,False,2087,NaN
134,2001-06-15 10:50:00,2001-06-15 10:50:00,7000,3000,S26E41,9502,M6.3,2001-06-15 10:31:00,185,False,119,False,1090,NaN
135,2001-06-15 16:05:00,2001-06-15 16:05:00,14000,3500,W90b,NaN,NaN,2001-06-15 15:56:00,NA,True,360,False,1701,NaN
136,2001-08-16 00:10:00,2001-08-16 00:10:00,5400,200,NaN,NaN,NaN,2001-08-15 23:54:00,NA,True,360,False,1575,NaN
137,2001-08-25 16:50:00,2001-08-25 16:50:00,8000,170,S17E34,9591,X5.3,2001-08-25 16:50:00,NA,True,360,False,1433,NaN
138,2001-08-30 20:43:00,2001-08-30 20:43:00,12000,10000,N15E44,9601,M3.0,2001-08-30 21:26:00,82,False,76,False,351,NaN
139,2001-09-03 18:48:00,2001-09-03 18:48:00,12000,7500,S23E90,9607,M2.5,2001-09-03 18:35:00,127,False,207,False,1352,NaN
140,2001-09-15 11:50:00,2001-09-15 11:50:00,14000,6000,S21W49,9608,M1.5,2001-09-15 11:54:00,263,False,130,False,478,NaN
141,2001-09-16 13:50:00,2001-09-16 13:50:00,3000,2000,S13E15,9616,C8.9,2001-09-16 14:30:00,131,False,68,False,584,NaN
142,2001-09-17 08:35:00,2001-09-17 08:35:00,14000,5400,S14E04,9616,M1.5,2001-09-17 08:54:00,198,False,166,False,1009,NaN
143,2001-09-20 18:43:00,2001-09-20 18:43:00,14000,10000,N09W11,9631,M1.5,2001-09-20 19:31:00,306,False,207,False,446,NaN
144,2001-09-24 10:45:00,2001-09-24 10:45:00,7000,30,S16E23,9632,X2.6,2001-09-24 10:30:00,NA,True,360,False,2402,NaN
145,2001-09-27 08:15:00,2001-09-27 08:15:00,4000,80,S15W40,EP,C9.5,2001-09-27 08:06:00,224,False,138,False,669,NaN
146,2001-10-01 07:00:00,2001-10-01 07:00:00,1000,150,S24W81,9628,M9.1,2001-10-01 05:30:00,NA,True,360,False,1405,NaN
147,2001-10-05 11:35:00,2001-10-05 11:35:00,1400,500,SW90b,NaN,NaN,2001-10-05 10:30:00,NA,True,360,False,1537,NaN
148,2001-10-09 11:15:00,2001-10-09 11:15:00,8000,200,S28E08,9653,M1.4,2001-10-09 11:30:00,NA,True,360,False,973,NaN
149,2001-10-09 11:20:00,2001-10-09 11:20:00,14000,2000,S28E08,9653,NaN,,NaN,False,NaN,False,NaN,NaN
150,2001-10-09 13:10:00,2001-10-09 13:10:00,5000,50,NaN,NaN,NaN,,NaN,False,NaN,False,NaN,Possible_HALO
151,2001-10-19 01:15:00,2001-10-19 01:15:00,14000,1300,N16W18,9661,X1.6,2001-10-19 01:27:00,NA,True,360,False,558,NaN
152,2001-10-19 16:45:00,2001-10-19 16:45:00,14000,30,N15W29,9661,X1.6,2001-10-19 16:50:00,NA,True,360,False,901,NaN
153,2001-10-22 15:15:00,2001-10-22 15:15:00,8000,1200,S21E18,9672,M6.7,2001-10-22 15:06:00,NA,True,360,False,1336,NaN
154,2001-10-25 15:30:00,2001-10-25 15:30:00,14000,30,S16W21,9672,X1.3,2001-10-25 15:26:00,NA,True,360,False,1092,NaN
155,2001-11-04 16:30:00,2001-11-04 16:30:00,14000,70,N06W18,9684,X1.0,2001-11-04 16:35:00,NA,True,360,False,1810,NaN
156,2001-11-17 05:35:00,2001-11-17 05:35:00,11000,1700,S13E42,9704,M2.8,2001-11-17 05:30:00,NA,True,360,False,1379,uncertain
157,2001-11-22 20:50:00,2001-11-22 20:50:00,8000,1000,S25W67,9698,M3.8,2001-11-22 20:30:00,NA,True,360,False,1443,NaN
158,2001-11-22 22:40:00,2001-11-22 22:40:00,14000,40,S17W36,9704,M9.9,2001-11-22 23:30:00,NA,True,360,False,1437,NaN
159,2001-12-11 12:45:00,2001-12-11 12:45:00,4500,750,SW90b,NaN,NaN,2001-12-11 09:54:00,263,False,121,False,891,NaN
160,2001-12-25 11:25:00,2001-12-25 11:25:00,14000,1000,SE90b,NaN,NaN,2001-12-25 11:30:00,NA,True,360,False,1773,NaN
161,2001-12-26 05:20:00,2001-12-26 05:20:00,14000,150,N08W54,9742,M7.1,2001-12-26 05:30:00,281,False,212,True,1446,NaN
162,2001-12-28 20:35:00,2001-12-28 20:35:00,14000,350,S26E90,9756,X3.4,2001-12-28 20:30:00,NA,True,360,False,2216,NaN
163,2001-12-29 20:45:00,2001-12-29 20:45:00,3000,1500,NaN,NaN,NaN,2001-12-29 20:30:00,297,False,211,True,819,NaN
164,2002-01-08 18:30:00,2002-01-08 18:30:00,14000,90,NE90b,NaN,NaN,2002-01-08 17:54:00,NA,True,360,False,1794,NaN
165,2002-01-14 06:25:00,2002-01-14 06:25:00,12000,100,S28W83,9772,M4.4,2002-01-14 05:35:00,NA,True,360,False,1492,NaN
166,2002-01-27 12:49:00,2002-01-27 12:49:00,14000,3000,NaN,NaN,NaN,2002-01-27 12:30:00,NA,True,360,False,1136,NaN
167,2002-02-01 19:23:00,2002-02-01 19:23:00,14000,11000,NaN,NaN,NaN,2002-02-01 19:54:00,350,False,89,False,448,NaN
168,2002-02-21 12:35:00,2002-02-21 12:35:00,4000,1500,N16W79,9825,M3.9,2002-02-21 12:54:00,275,False,108,False,358,NaN
169,2002-03-11 00:00:00,2002-03-11 00:00:00,14000,8000,S11E90,9866,M2.3,2002-03-10 23:06:00,NA,True,360,False,1429,NaN
170,2002-03-12 00:00:00,2002-03-12 00:00:00,14000,2200,S15E45,NaN,M5.0,2002-03-11 23:30:00,NA,True,360,False,950,broad feature
171,2002-03-15 22:45:00,2002-03-15 22:45:00,14000,6000,S08W03,9866,M2.2,2002-03-15 23:06:00,NA,True,360,False,957,NaN
172,2002-03-17 06:00:00,2002-03-17 06:00:00,3000,1000,S20E24,9871,C3.1,2002-03-17 04:06:00,141,False,56,False,658,NaN
173,2002-03-18 02:55:00,2002-03-18 02:55:00,14000,1000,S15W22,9873,M1.0,2002-03-18 02:54:00,NA,True,360,False,989,NaN
174,2002-03-22 11:30:00,2002-03-22 11:30:00,14000,500,S09W90,9866,M1.6,2002-03-22 11:06:00,NA,True,360,False,1750,NaN
175,2002-03-22 13:10:00,2002-03-22 13:10:00,3000,2000,S00W90,9866,M1.6,2002-03-22 12:30:00,243,False,120,False,875,NaN
176,2002-04-10 12:59:00,2002-04-10 12:59:00,13000,12000,N15W14,9893,M8.2,2002-04-10 13:27:00,340,False,159,False,650,NaN
177,2002-04-14 07:50:00,2002-04-14 07:50:00,14000,8000,N19W57,9893,C9.6,2002-04-14 07:50:00,323,False,76,False,757,NaN
178,2002-04-15 03:35:00,2002-04-15 03:35:00,11000,1500,S15W01,9906,M1.2,2002-04-15 03:50:00,NA,True,360,False,720,NaN
179,2002-04-17 08:30:00,2002-04-17 08:30:00,5000,40,S14W34,9906,M2.6,2002-04-17 08:26:00,NA,True,360,False,1240,NaN
180,2002-04-21 01:30:00,2002-04-21 01:30:00,10000,60,S14W84,9906,X1.5,2002-04-21 01:27:00,NA,True,360,False,2393,NaN
181,2002-04-30 14:15:00,2002-04-30 14:15:00,4000,2500,S16E77,9934,C3.2,2002-04-30 14:26:00,92,False,90,False,618,NaN
182,2002-04-30 22:30:00,2002-04-30 22:30:00,2000,500,W90b,NaN,NaN,2002-04-30 23:26:00,254,False,199,False,1103,uncertain
183,2002-05-02 23:50:00,2002-05-02 23:50:00,2800,900,E90b,9937,NaN,2002-05-02 23:18:00,119,False,99,False,902,uncertain
184,2002-05-16 01:50:00,2002-05-16 01:50:00,9000,2000,S22E01,9948,C4.5,2002-05-16 00:50:00,NA,True,360,False,600,NaN
185,2002-05-22 00:00:00,2002-05-22 00:00:00,14000,8000,S25W64,9948,C9.7,2002-05-22 00:06:00,230,False,186,False,1246,NaN
186,2002-05-27 12:50:00,2002-05-27 12:50:00,14000,5000,N18E18,9967,C3.7,2002-05-27 13:27:00,49,False,161,True,1106,NaN
187,2002-07-07 11:35:00,2002-07-07 11:35:00,14000,200,S19W90,10017,M1.0,2002-07-07 11:30:00,277,False,228,True,1423,NaN
188,2002-07-09 19:46:00,2002-07-09 19:46:00,1000,650,W90b,NaN,NaN,2002-07-09 19:31:00,NA,True,360,False,1076,NaN
189,2002-07-15 21:15:00,2002-07-15 21:15:00,5000,175,N19W01,10030,M1.8,2002-07-15 21:30:00,14,False,188,True,1300,NaN
190,2002-07-17 07:30:00,2002-07-17 07:30:00,3500,2000,N21W17,10030,M8.5,2002-07-17 07:31:00,36,False,177,False,716,NaN
191,2002-07-18 07:55:00,2002-07-18 07:55:00,14000,1500,N19W30,10030,X1.8,2002-07-18 08:06:00,NA,True,360,False,1099,NaN
192,2002-07-18 20:55:00,2002-07-18 20:55:00,6000,3000,E90b,10036,C3.3,2002-07-18 19:31:00,NA,True,360,False,2191,NaN
193,2002-07-19 16:40:00,2002-07-19 16:40:00,5000,1000,S15E90,NaN,NaN,2002-07-19 16:30:00,NA,True,360,False,2047,NaN
194,2002-07-20 21:30:00,2002-07-20 21:30:00,10000,2000,SE90b,10039,X3.3,2002-07-20 22:06:00,NA,True,360,False,1941,NaN
195,2002-07-23 00:50:00,2002-07-23 00:50:00,11000,400,S13E72,10039,X4.8,2002-07-23 00:42:00,NA,True,360,False,2285,NaN
196,2002-07-26 22:27:00,2002-07-26 22:27:00,14000,2000,S19E26,10039,M8.7,2002-07-26 22:06:00,NA,True,360,False,818,NaN
197,2002-07-29 12:10:00,2002-07-29 12:10:00,4200,1300,N10W15,FILA,NaN,2002-07-29 12:07:00,13,False,236,True,562,NaN
198,2002-08-03 19:20:00,2002-08-03 19:20:00,14000,2000,S16W76,10039,X1.0,2002-08-03 19:31:00,259,False,138,False,1150,NaN
199,2002-08-14 02:20:00,2002-08-14 02:20:00,1000,30,N09W54,10061,M2.3,2002-08-14 02:30:00,297,False,133,False,1309,NaN
200,2002-08-16 06:15:00,2002-08-16 06:15:00,14000,300,N07W83,10061,M2.4,2002-08-16 06:06:00,293,False,162,False,1378,NaN
201,2002-08-16 12:20:00,2002-08-16 12:20:00,14000,60,S14E20,10069,M5.2,2002-08-16 12:30:00,NA,True,360,False,1585,NaN
202,2002-08-24 01:45:00,2002-08-24 01:45:00,5000,400,S02W81,10069,X3.1,2002-08-24 01:27:00,NA,True,360,False,1913,NaN
203,2002-09-05 16:55:00,2002-09-05 16:55:00,14000,30,N09E28,10102,C5.2,2002-09-05 16:54:00,NA,True,360,False,1748,NaN
204,2002-09-10 15:19:00,2002-09-10 15:19:00,14000,8500,S10E43,10105,M2.9,2002-09-10 15:30:00,127,False,38,False,273,NaN
205,2002-09-27 13:35:00,2002-09-27 13:35:00,14000,8000,N13E45,10134,M1.8,2002-09-27 13:56:00,64,False,64,False,591,NaN
206,2002-10-13 18:10:00,2002-10-13 18:10:00,14000,4000,S07W54,10150,C4.7,2002-10-13 19:35:00,252,False,141,False,373,NaN
207,2002-10-14 00:19:00,2002-10-14 00:19:00,1700,500,S13E75,10159,M2.2,2002-10-13 23:54:00,107,False,264,False,1009,uncertain
208,2002-10-14 14:35:00,2002-10-14 14:35:00,14000,1200,NE90b,NaN,C4.5,2002-10-14 14:54:00,NA,True,360,False,1694,NaN
209,2002-10-27 23:06:00,2002-10-27 23:06:00,14000,300,SE90b,NaN,NaN,2002-10-27 23:18:00,NA,True,360,False,2115,NaN
210,2002-11-09 13:20:00,2002-11-09 13:20:00,14000,100,S12W29,10180,M4.6,2002-11-09 13:31:00,NA,True,360,False,1838,NaN
211,2002-11-10 03:20:00,2002-11-10 03:20:00,3000,300,S12W37,10180,M2.4,2002-11-10 03:30:00,203,False,282,False,1670,NaN
212,2002-11-11 16:15:00,2002-11-11 16:15:00,14000,600,S13W60,10180,M1.8,2002-11-11 15:54:00,212,False,93,False,1083,NaN
213,2002-11-24 20:05:00,2002-11-24 20:05:00,14000,7000,N20E35,NaN,NaN,2002-11-24 20:30:00,NA,True,360,False,1077,NaN
214,2002-12-19 21:45:00,2002-12-19 21:45:00,14000,1500,N15W09,10229,M2.7,2002-12-19 22:06:00,NA,True,360,False,1092,NaN
215,2002-12-22 04:20:00,2002-12-22 04:20:00,5500,3500,N23W42,10223,M1.1,2002-12-22 03:30:00,328,False,272,False,1071,NaN
216,2003-01-20 19:10:00,2003-01-20 19:10:00,14000,6000,N34W26,FILA,C1.7,2003-01-20 18:30:00,315,False,105,False,733,NaN
217,2003-01-27 22:20:00,2003-01-27 22:20:00,11000,8000,S17W23,FILA,C2.4,2003-01-27 22:23:00,205,False,267,False,1053,NaN
218,2003-03-18 12:25:00,2003-03-18 12:25:00,4500,500,S15W46,10314,X1.5,2003-03-18 12:30:00,263,False,209,False,1601,NaN
219,2003-03-18 13:55:00,2003-03-18 13:55:00,14000,7000,S90b,NaN,NaN,2003-03-18 13:54:00,NA,True,360,False,1042,NaN
220,2003-03-19 02:30:00,2003-03-19 02:30:00,14000,6000,SW90b,NaN,NaN,2003-03-19 02:30:00,NA,True,360,False,1342,NaN
221,2003-04-22 07:25:00,2003-04-22 07:25:00,3500,700,NE90b,NaN,NaN,2003-04-22 07:36:00,87,False,171,False,918,NaN
222,2003-05-27 23:12:00,2003-05-27 23:12:00,14000,2000,S07W17,10365,X1.3,2003-05-27 23:50:00,NA,True,360,False,964,NaN
223,2003-05-28 01:00:00,2003-05-28 01:00:00,1000,200,S06W21,10365,X3.6,2003-05-28 00:50:00,NA,True,360,False,1366,NaN
224,2003-05-29 01:10:00,2003-05-29 01:10:00,13000,200,S06W37,10365,X1.2,2003-05-29 01:27:00,NA,True,360,False,1237,NaN
225,2003-05-31 03:00:00,2003-05-31 03:00:00,1000,150,S07W65,10365,M9.3,2003-05-31 02:30:00,NA,True,360,False,1835,NaN
226,2003-06-05 00:00:00,2003-06-05 00:00:00,NaN,NaN,W90b,NaN,NaN,2003-06-05 20:06:00,230,False,239,False,1458,NaN
227,2003-06-16 00:00:00,2003-06-16 00:00:00,14000,400,S07E80,10386,X1.3,2003-06-15 23:54:00,NA,True,360,False,2053,NaN
228,2003-06-17 22:50:00,2003-06-17 22:50:00,10000,200,S08E59,10386,M6.8,2003-06-17 23:18:00,NA,True,360,False,1813,NaN
229,2003-07-10 14:10:00,2003-07-10 14:10:00,4000,400,N13W90,10397,M3.6,,NaN,False,NaN,False,NaN,LASCO_DATA_GAP
230,2003-08-19 11:15:00,2003-08-19 11:15:00,14000,1000,S10W57,10431,M2.7,2003-08-19 10:30:00,262,False,111,False,468,NaN
231,2003-10-21 04:10:00,2003-10-21 04:10:00,5000,1000,SE90b,NaN,NaN,2003-10-21 03:54:00,NA,True,360,False,1484,NaN
232,2003-10-26 07:00:00,2003-10-26 07:00:00,8000,1500,S15E44,10486,X1.2,2003-10-26 06:54:00,108,False,207,True,1371,NaN
233,2003-10-26 17:45:00,2003-10-26 17:45:00,14000,1500,N02W38,10484,X1.2,2003-10-26 17:54:00,270,False,171,True,1537,NaN
234,2003-10-28 11:10:00,2003-10-28 11:10:00,14000,40,S16E08,10486,X17.,2003-10-28 11:30:00,NA,True,360,False,2459,NaN
235,2003-10-29 20:55:00,2003-10-29 20:55:00,11000,500,S15W02,10486,X10.,2003-10-29 20:54:00,NA,True,360,False,2029,NaN
236,2003-11-01 22:55:00,2003-11-01 22:55:00,14000,2000,S12W60,10486,M3.2,2003-11-01 23:06:00,254,False,93,True,899,NaN
237,2003-11-02 00:00:00,2003-11-02 00:00:00,NaN,NaN,SW90b,NaN,NaN,2003-11-02 09:30:00,NA,True,360,False,2036,NaN
238,2003-11-02 17:30:00,2003-11-02 17:30:00,12000,250,S14W56,10486,X8.3,2003-11-02 17:30:00,NA,True,360,False,2598,NaN
239,2003-11-03 01:15:00,2003-11-03 01:15:00,3000,1500,N10W83,10488,X2.7,2003-11-03 01:59:00,304,False,65,False,827,NaN
240,2003-11-03 10:00:00,2003-11-03 10:00:00,6000,400,N08W77,10488,X3.9,2003-11-03 10:06:00,293,False,103,False,1420,NaN
241,2003-11-04 00:00:00,2003-11-04 00:00:00,NaN,NaN,NaN,NaN,NaN,2003-11-04 12:06:00,NA,True,360,False,1208,NaN
242,2003-11-04 20:00:00,2003-11-04 20:00:00,10000,200,S19W83,10486,X28.,2003-11-04 19:54:00,NA,True,360,False,2657,NaN
243,2003-11-09 00:00:00,2003-11-09 00:00:00,NaN,NaN,E90b,NaN,NaN,2003-11-09 06:30:00,NA,True,360,False,2008,NaN
244,2003-11-11 00:00:00,2003-11-11 00:00:00,NaN,NaN,W90b,NaN,NaN,2003-11-11 02:30:00,NA,True,360,False,1359,NaN
245,2003-11-13 09:35:00,2003-11-13 09:35:00,14000,4000,N12E90,10501,M1.4,2003-11-13 09:30:00,49,False,217,False,1141,NaN
246,2003-11-17 09:05:00,2003-11-17 09:05:00,4000,1500,S01E33,10501,M4.2,2003-11-17 09:26:00,72,False,242,True,1061,NaN
247,2003-11-18 00:00:00,2003-11-18 00:00:00,NaN,NaN,N00E18,10501,M3.9,2003-11-18 08:50:00,NA,True,360,False,1660,NaN
248,2003-11-18 10:15:00,2003-11-18 10:15:00,5000,2000,S16E90,10508,M4.5,2003-11-18 09:50:00,95,False,197,True,1824,NaN
249,2003-12-02 11:00:00,2003-12-02 11:00:00,14000,9000,S14W70,10508,C7.2,2003-12-02 10:50:00,261,False,150,True,1393,NaN
250,2004-01-05 03:40:00,2004-01-05 03:40:00,9000,2500,S12E38,10536,M6.9,,NaN,False,NaN,False,NaN,LASCO_DATA_GAP
251,2004-01-06 00:00:00,2004-01-06 00:00:00,14000,2000,N05E90,10537,M5.8,2004-01-06 08:53:00,88,False,166,False,1469,PARTIAL LASCO_DATA_GAP
252,2004-01-07 04:15:00,2004-01-07 04:15:00,14000,750,N02E82,10537,M4.5,2004-01-07 04:06:00,78,False,171,False,1581,NaN
253,2004-01-07 10:35:00,2004-01-07 10:35:00,14000,1500,N06E75,10537,M8.3,2004-01-07 10:30:00,81,False,182,False,1822,NaN
254,2004-04-06 13:05:00,2004-04-06 13:05:00,8000,300,S18E15,10588,M2.4,2004-04-06 13:31:00,NA,True,360,False,1368,NaN
255,2004-04-08 10:25:00,2004-04-08 10:25:00,3000,500,S15W11,10588,C7.4,2004-04-08 10:30:00,NA,True,360,False,1068,NaN
256,2004-04-08 13:30:00,2004-04-08 13:30:00,6000,3000,S19W08,10588,C1.3,2004-04-08 13:31:00,198,False,92,False,959,NaN
257,2004-04-11 04:20:00,2004-04-11 04:20:00,14000,500,S14W47,10588,C9.6,2004-04-11 04:30:00,203,False,314,False,1645,NaN
258,2004-06-02 23:13:00,2004-06-02 23:13:00,14000,2100,W90b,NaN,NaN,2004-06-02 23:15:00,287,False,136,False,1102,NaN
259,2004-06-03 16:48:00,2004-06-03 16:48:00,12000,5000,W90b,NaN,NaN,2004-06-03 16:50:00,303,False,179,False,1226,uncertain
260,2004-06-04 07:50:00,2004-06-04 07:50:00,14000,2500,W90b,NaN,NaN,2004-06-04 07:50:00,309,False,273,True,1306,NaN
261,2004-06-22 22:07:00,2004-06-22 22:07:00,10000,7000,S12W24,10635,C1.7,,NaN,False,NaN,False,NaN,LASCO_DATA_GAP
262,2004-06-23 06:30:00,2004-06-23 06:30:00,14000,5000,S09W21,10635,C2.5,,NaN,False,NaN,False,NaN,LASCO_DATA_GAP
263,2004-07-23 19:00:00,2004-07-23 19:00:00,10000,2500,N04W05,10652,C4.1,2004-07-23 19:31:00,209,False,100,False,874,NaN
264,2004-07-25 15:00:00,2004-07-25 15:00:00,1000,28,N08W33,10652,M1.1,2004-07-25 14:54:00,NA,True,360,False,1333,NaN
265,2004-07-29 13:20:00,2004-07-29 13:20:00,1000,50,N00W90,10652,C2.1,2004-07-29 12:06:00,NA,True,360,False,1180,NaN
266,2004-07-31 07:10:00,2004-07-31 07:10:00,1000,200,N05W89,10652,C8.4,2004-07-31 05:54:00,259,False,197,True,1192,NaN
267,2004-08-08 09:15:00,2004-08-08 09:15:00,14000,7000,NaN,NaN,NaN,2004-08-08 08:54:00,NA,True,360,False,1004,NaN
268,2004-09-12 00:45:00,2004-09-12 00:45:00,14000,40,N03E49,10672,M4.8,2004-09-12 00:36:00,NA,True,360,False,1328,NaN
269,2004-09-19 17:15:00,2004-09-19 17:15:00,14000,2500,N03W58,10672,M1.9,,NaN,False,NaN,False,NaN,LASCO_DATA_GAP
270,2004-10-24 03:12:00,2004-10-24 03:12:00,14000,8000,N11E19,10687,C1.7,2004-10-24 03:54:00,26,False,109,True,417,NaN
271,2004-10-30 06:40:00,2004-10-30 06:40:00,4000,1000,N13W22,10691,M4.2,2004-10-30 06:54:00,NA,True,360,False,422,NaN
272,2004-11-01 05:55:00,2004-11-01 05:55:00,3000,400,W90b,NaN,NaN,2004-11-01 06:06:00,266,False,146,False,925,NaN
273,2004-11-03 15:55:00,2004-11-03 15:55:00,14000,3400,N09E38,10696,M5.0,2004-11-03 16:06:00,NA,True,360,False,1068,NaN
274,2004-11-03 03:35:00,2004-11-03 03:35:00,2000,1200,N09E45,10696,M1.6,2004-11-03 03:54:00,91,False,239,True,918,NaN
275,2004-11-06 01:50:00,2004-11-06 01:50:00,6000,700,N09E05,10696,M3.6,2004-11-06 02:06:00,351,False,214,True,1111,NaN
276,2004-11-07 16:25:00,2004-11-07 16:25:00,14000,60,N09W17,10696,X2.0,2004-11-07 16:54:00,NA,True,360,False,1759,NaN
277,2004-11-09 17:35:00,2004-11-09 17:35:00,14000,5000,N08W51,10696,M8.9,2004-11-09 17:26:00,NA,True,360,False,2000,NaN
278,2004-11-10 02:25:00,2004-11-10 02:25:00,14000,1000,N09W49,10696,X2.5,2004-11-10 02:26:00,NA,True,360,False,3387,NaN
279,2004-12-03 00:07:00,2004-12-03 00:07:00,10000,60,N08W02,10708,M1.5,2004-12-03 00:26:00,NA,True,360,False,1216,NaN
280,2004-12-08 20:05:00,2004-12-08 20:05:00,14000,8000,N08W03,10709,C2.5,2004-12-08 20:26:00,NA,True,360,False,611,NaN
281,2004-12-29 16:35:00,2004-12-29 16:35:00,14000,4500,N04E62,10715,M2.3,2004-12-29 16:45:00,71,False,140,False,774,NaN
282,2004-12-30 23:45:00,2004-12-30 23:45:00,5000,700,N04E46,10715,M4.2,2004-12-30 22:30:00,NA,True,360,False,1035,NaN
283,2005-01-01 00:45:00,2005-01-01 00:45:00,14000,450,N06E34,10715,X1.7,2005-01-01 00:54:00,NA,True,360,False,832,NaN
284,2005-01-04 11:20:00,2005-01-04 11:20:00,13000,6000,N05W11,10715,C7.3,,NaN,False,NaN,False,NaN,Faint_CME_not_measurable
285,2005-01-15 06:15:00,2005-01-15 06:15:00,14000,250,N16E04,10720,M8.6,2005-01-15 06:30:00,NA,True,360,False,2049,NaN
286,2005-01-15 23:00:00,2005-01-15 23:00:00,3000,40,N15W05,10720,X2.6,2005-01-15 23:06:00,NA,True,360,False,2861,NaN
287,2005-01-17 09:25:00,2005-01-17 09:25:00,14000,30,N15W25,10720,X2.0,2005-01-17 09:30:00,NA,True,360,False,2094,NaN
288,2005-01-19 09:20:00,2005-01-19 09:20:00,5300,40,N15W51,10720,X1.3,2005-01-19 08:29:00,NA,True,360,False,2020,NaN
289,2005-01-17 10:00:00,2005-01-17 10:00:00,6100,1500,N15W25,10720,X3.8,2005-01-17 09:54:00,NA,True,360,False,2547,CME-CME interaction
290,2005-01-20 07:15:00,2005-01-20 07:15:00,14000,25,N14W61,10720,X7.1,2005-01-20 06:54:00,NA,True,360,False,882,NaN
291,2005-02-01 11:40:00,2005-02-01 11:40:00,8000,4000,NaN,NaN,NaN,2005-02-01 11:06:00,NA,True,360,False,1380,NaN
292,2005-05-02 22:40:00,2005-05-02 22:40:00,14000,5500,S05E90,10758,C8.0,2005-05-02 22:26:00,105,False,148,False,955,NaN
293,2005-05-03 00:20:00,2005-05-03 00:20:00,14000,1500,S05E90,10758,NaN,2005-05-03 00:26:00,82,False,66,True,978,NaN
294,2005-05-06 17:52:00,2005-05-06 17:52:00,5000,4000,S09E29,10758,C8.5,2005-05-06 17:28:00,NA,True,360,False,1128,NaN
295,2005-05-13 17:00:00,2005-05-13 17:00:00,5000,40,N12E11,10759,M8.0,2005-05-13 17:12:00,NA,True,360,False,1689,NaN
296,2005-05-17 03:20:00,2005-05-17 03:20:00,4500,1500,NaN,NaN,NaN,2005-05-17 03:06:00,252,False,89,False,311,NaN
297,2005-06-03 12:50:00,2005-06-03 12:50:00,10000,270,N15E90,10775,M1.0,2005-06-03 12:32:00,NA,True,360,False,1679,NaN
298,2005-06-16 20:25:00,2005-06-16 20:25:00,9000,1000,N08W90,10775,M4.0,,NaN,False,NaN,False,NaN,LASCO_DATA_GAP
299,2005-07-07 16:30:00,2005-07-07 16:30:00,4000,2000,N09E03,10786,M4.9,2005-07-07 17:06:00,NA,True,360,False,683,NaN
300,2005-07-09 22:15:00,2005-07-09 22:15:00,14000,600,N12W28,10786,M2.8,2005-07-09 22:30:00,NA,True,360,False,1540,NaN
301,2005-07-13 14:15:00,2005-07-13 14:15:00,14000,1000,N11W90,10786,M5.0,2005-07-13 14:30:00,NA,True,360,False,1423,NaN
302,2005-07-14 11:00:00,2005-07-14 11:00:00,3000,800,N11W90,10786,X1.2,2005-07-14 10:54:00,NA,True,360,False,2115,NaN
303,2005-07-17 11:50:00,2005-07-17 11:50:00,7000,300,NaN,NaN,NaN,2005-07-17 11:30:00,NA,True,360,False,1527,NaN
304,2005-07-24 13:50:00,2005-07-24 13:50:00,14000,150,NaN,NaN,NaN,2005-07-24 13:54:00,NA,True,360,False,2528,NaN
305,2005-07-24 22:35:00,2005-07-24 22:35:00,1000,700,NaN,NaN,NaN,2005-07-24 22:30:00,NA,True,360,False,1234,NaN
306,2005-07-27 05:20:00,2005-07-27 05:20:00,1000,450,N11E90,10792,M3.7,2005-07-27 04:54:00,NA,True,360,False,1787,NaN
307,2005-07-27 07:45:00,2005-07-27 07:45:00,2500,1000,NE90b,NaN,NaN,2005-07-27 07:54:00,65,False,51,False,533,NaN
308,2005-07-30 07:40:00,2005-07-30 07:40:00,9000,80,N12E60,10792,X1.3,2005-07-30 06:50:00,NA,True,360,False,1968,NaN
309,2005-08-01 14:15:00,2005-08-01 14:15:00,14000,4500,N13E32,10792,M1.0,2005-08-01 14:30:00,83,False,93,False,984,NaN
310,2005-08-22 01:30:00,2005-08-22 01:30:00,8000,550,S11W54,10798,M2.6,2005-08-22 01:31:00,NA,True,360,False,1194,NaN
311,2005-08-22 17:15:00,2005-08-22 17:15:00,12000,40,S13W65,10798,M5.6,2005-08-22 17:30:00,NA,True,360,False,2378,NaN
312,2005-08-23 15:00:00,2005-08-23 15:00:00,13000,400,S14W90,10798,M2.7,2005-08-23 14:54:00,NA,True,360,False,1929,NaN
313,2005-08-29 11:10:00,2005-08-29 11:10:00,10000,6000,NaN,NaN,NaN,2005-08-29 10:54:00,NA,True,360,False,1600,NaN
314,2005-08-31 11:40:00,2005-08-31 11:40:00,6000,800,N13W13,10803,C2.0,2005-08-31 11:30:00,NA,True,360,False,825,NaN
315,2005-08-31 22:10:00,2005-08-31 22:10:00,14000,6000,NaN,NaN,NaN,2005-08-31 22:30:00,NA,True,360,False,1808,NaN
316,2005-09-03 03:20:00,2005-09-03 03:20:00,2000,500,NaN,NaN,NaN,2005-09-03 03:12:00,NA,True,360,False,1672,NaN
317,2005-09-05 10:40:00,2005-09-05 10:40:00,1500,60,S07E81,NaN,C2.7,2005-09-05 09:48:00,NA,True,360,False,2326,NaN
318,2005-09-07 18:05:00,2005-09-07 18:05:00,12000,200,S11E77,10808,X1.7,,NaN,False,NaN,False,NaN,LASCO_DATA_GAP
319,2005-09-09 19:45:00,2005-09-09 19:45:00,10000,50,S12E67,10808,X6.2,2005-09-09 19:48:00,NA,True,360,False,2257,NaN
320,2005-09-10 21:45:00,2005-09-10 21:45:00,14000,300,S13E47,10808,X2.1,2005-09-10 21:52:00,NA,True,360,False,1893,NaN
321,2005-09-11 13:10:00,2005-09-11 13:10:00,3000,350,S16E39,10808,M3.0,2005-09-11 13:00:00,NA,True,360,False,1922,NaN
322,2005-09-13 20:20:00,2005-09-13 20:20:00,1100,35,S09E10,10808,X1.5,2005-09-13 20:00:00,NA,True,360,False,1866,NaN
323,2006-04-30 16:20:00,2006-04-30 16:20:00,1000,200,S09E08,10876,C1.8,2006-04-30 09:54:00,NA,True,360,False,544,NaN
324,2006-07-06 08:45:00,2006-07-06 08:45:00,14000,300,S09W34,10898,M2.5,2006-07-06 08:54:00,NA,True,360,False,911,NaN
325,2006-08-16 15:45:00,2006-08-16 15:45:00,14000,400,S16W08,10904,C3.6,2006-08-16 16:30:00,NA,True,360,False,888,NaN
326,2006-08-26 20:40:00,2006-08-26 20:40:00,7000,2000,S10E08,10905,C2.5,2006-08-26 20:57:00,164,False,208,False,786,WAVES Data Gap. Lower f may be 500 kHz.
327,2006-11-05 17:35:00,2006-11-05 17:35:00,14000,400,E90b,NaN,NaN,2006-11-05 17:54:00,39,False,196,False,1398,NaN
328,2006-11-06 10:35:00,2006-11-06 10:35:00,14000,6000,E90b,NaN,NaN,2006-11-06 10:30:00,77,False,55,False,829,NaN
329,2006-11-06 17:45:00,2006-11-06 17:45:00,4000,300,E90b,NaN,C8.8,2006-11-06 17:54:00,NA,True,360,False,1994,NaN
330,2006-12-05 10:50:00,2006-12-05 10:50:00,14000,250,S07E68,10930,X9.0,,NaN,False,NaN,False,NaN,LASCO_DATA_GAP
331,2006-12-06 02:00:00,2006-12-06 02:00:00,1000,200,S07E69,10930,M1.1,,NaN,False,NaN,False,NaN,LASCO_DATA_GAP
332,2006-12-06 08:30:00,2006-12-06 08:30:00,4000,600,S04E63,10930,M6.0,,NaN,False,NaN,False,NaN,LASCO_DATA_GAP
333,2006-12-06 19:00:00,2006-12-06 19:00:00,16000,30,S05E64,10930,X6.5,,NaN,False,NaN,False,NaN,LASCO_DATA_GAP
334,2006-12-13 02:45:00,2006-12-13 02:45:00,12000,150,S06W23,10930,X3.4,2006-12-13 02:54:00,NA,True,360,False,1774,NaN
335,2006-12-14 22:30:00,2006-12-14 22:30:00,14000,1500,S06W46,10930,X1.5,2006-12-14 22:30:00,NA,True,360,False,1042,NaN
336,2007-01-25 06:55:00,2007-01-25 06:55:00,14000,90,S08E90,10940,C6.3,2007-01-25 06:54:00,NA,True,360,False,1367,NaN
337,2007-05-19 13:02:00,2007-05-19 13:02:00,16000,13000,N07W06,10956,B9.5,2007-05-19 13:24:00,260,False,106,False,958,NaN
338,2007-12-31 01:05:00,2007-12-31 01:05:00,16000,6000,S08E81,10980,C8.3,2007-12-31 01:31:00,92,False,164,False,995,NaN
339,2008-03-25 19:05:00,2008-03-25 19:05:00,12000,800,S13E78,10989,M1.7,2008-03-25 19:31:00,98,False,112,False,1103,NaN
340,2008-04-26 14:23:00,2008-04-26 14:23:00,7600,4900,N08E09,NaN,B3.8,2008-04-26 14:30:00,65,False,281,False,515,uncertain
341,2010-08-01 09:20:00,2010-08-01 09:20:00,2000,700,N20E36,11092,C3.2,,NaN,False,NaN,False,NaN,LASCO_DATA_GAP
342,2010-08-07 18:35:00,2010-08-07 18:35:00,14000,700,N11E34,11093,M1.0,2010-08-07 18:36:00,NA,True,360,False,871,NaN
343,2010-08-18 06:05:00,2010-08-18 06:05:00,13000,700,N18W88,11099,C4.5,2010-08-18 05:48:00,255,False,184,False,1471,NaN
344,2011-01-13 09:15:00,2011-01-13 09:15:00,16000,3500,E90b,NaN,NaN,2011-01-13 09:36:00,79,False,122,False,664,NaN
345,2011-01-27 12:20:00,2011-01-27 12:20:00,16000,8000,N12W87,11149,C1.2,2011-01-27 12:36:00,255,False,43,False,349,NaN
346,2011-02-13 17:50:00,2011-02-13 17:50:00,16000,8000,S20E04,11158,M6.6,2011-02-13 18:36:00,359,False,276,False,373,NaN
347,2011-02-15 02:10:00,2011-02-15 02:10:00,16000,400,S20W12,11158,X2.2,2011-02-15 02:24:00,NA,True,360,False,669,NaN
348,2011-02-24 12:50:00,2011-02-24 12:50:00,1000,700,N15E87,11163,M3.5,2011-02-24 07:48:00,70,False,158,False,1186,NaN
349,2011-03-07 14:30:00,2011-03-07 14:30:00,16000,7000,N10E18,11166,M1.9,2011-03-07 14:48:00,354,False,261,False,698,NaN
350,2011-03-07 20:00:00,2011-03-07 20:00:00,16000,200,N31W53,11164,M3.7,2011-03-07 20:00:00,NA,True,360,False,2125,NaN
351,2011-05-09 21:00:00,2011-05-09 21:00:00,16000,900,N16E88,NaN,C5.4,2011-05-09 20:57:00,55,False,292,False,1318,NaN
352,2011-05-29 21:10:00,2011-05-29 21:10:00,16000,90,S19E72,11227,C8.7,2011-05-29 21:24:00,107,False,186,False,1407,NaN
353,2011-06-02 08:00:00,2011-06-02 08:00:00,15000,4000,S19E25,11227,C3.7,2011-06-02 08:12:00,NA,True,360,False,976,NaN
354,2011-06-04 07:00:00,2011-06-04 07:00:00,16000,300,W90b,11222,NaN,2011-06-04 06:48:00,NA,True,360,False,1407,NaN
355,2011-06-04 22:00:00,2011-06-04 22:00:00,16000,25,W90b,11222,NaN,2011-06-04 22:05:00,NA,True,360,False,2425,NaN
356,2011-06-07 06:45:00,2011-06-07 06:45:00,16000,250,S21W54,11226,M2.5,2011-06-07 06:49:00,NA,True,360,False,1255,NaN
357,2011-08-02 06:15:00,2011-08-02 06:15:00,16000,3000,N14W15,11261,M1.4,2011-08-02 06:36:00,288,False,268,False,712,NaN
358,2011-08-04 04:15:00,2011-08-04 04:15:00,13000,60,N19W36,11261,M9.3,2011-08-04 04:12:00,NA,True,360,False,1315,NaN
359,2011-08-08 18:10:00,2011-08-08 18:10:00,6000,400,N16W61,11263,M3.5,2011-08-08 18:12:00,305,False,237,False,1343,NaN
360,2011-08-09 08:20:00,2011-08-09 08:20:00,16000,4000,N17W69,11263,X6.9,2011-08-09 08:12:00,NA,True,360,False,1610,NaN
361,2011-09-06 02:00:00,2011-09-06 02:00:00,14000,200,N14W07,11283,M5.3,2011-09-06 02:24:00,NA,True,360,False,782,NaN
362,2011-09-06 22:30:00,2011-09-06 22:30:00,16000,150,N14W18,11283,X2.1,2011-09-06 23:05:00,NA,True,360,False,575,NaN
363,2011-09-22 11:05:00,2011-09-22 11:05:00,14000,70,N09E89,11302,X1.4,2011-09-22 10:48:00,NA,True,360,False,1905,NaN
364,2011-09-24 12:50:00,2011-09-24 12:50:00,16000,300,N10E56,11302,M7.1,2011-09-24 12:48:00,NA,True,360,False,1915,NaN
365,2011-09-25 05:30:00,2011-09-25 05:30:00,16000,8000,N11E47,11302,M7.4,2011-09-25 05:12:00,98,False,193,False,788,NaN
366,2011-10-21 13:15:00,2011-10-21 13:15:00,16000,6500,N05W79,11319,M1.3,2011-10-21 13:25:00,252,False,109,False,317,NaN
367,2011-11-09 13:30:00,2011-11-09 13:30:00,16000,400,N24E35,11343,M1.1,2011-11-09 13:36:00,NA,True,360,False,907,NaN
368,2011-11-26 07:15:00,2011-11-26 07:15:00,10000,50,N17W49,11353,C1.2,2011-11-26 07:12:00,NA,True,360,False,933,NaN
369,2011-12-21 03:00:00,2011-12-21 03:00:00,16000,400,NaN,NaN,NaN,2011-12-21 03:12:00,NA,True,360,False,1064,NaN
370,2011-12-25 18:45:00,2011-12-25 18:45:00,14000,7000,S22W26,11387,M4.0,2011-12-25 18:48:00,247,False,125,False,366,NaN
371,2012-01-02 15:00:00,2012-01-02 15:00:00,16000,4000,NaN,NaN,NaN,2012-01-02 15:12:00,NA,True,360,False,1138,NaN
372,2012-01-19 15:00:00,2012-01-19 15:00:00,16000,100,N32E22,11402,M3.2,2012-01-19 14:36:00,NA,True,360,False,1120,NaN
373,2012-01-23 04:00:00,2012-01-23 04:00:00,16000,40,N28W21,11402,M8.7,2012-01-23 04:00:00,NA,True,360,False,2175,NaN
374,2012-01-27 18:30:00,2012-01-27 18:30:00,16000,150,N27W71,11402,X1.7,2012-01-27 18:27:00,NA,True,360,False,2508,NaN
375,2012-03-05 04:00:00,2012-03-05 04:00:00,16000,400,N17E52,11429,X1.1,2012-03-05 04:00:00,NA,True,360,False,1531,NaN
376,2012-03-07 01:00:00,2012-03-07 01:00:00,16000,30,N17E27,11429,X5.4,2012-03-07 00:24:00,NA,True,360,False,2684,NaN
377,2012-03-09 04:10:00,2012-03-09 04:10:00,14000,1000,N15W03,11429,M6.3,2012-03-09 04:26:00,NA,True,360,False,950,NaN
378,2012-03-10 17:55:00,2012-03-10 17:55:00,14000,30,N17W24,11429,M8.4,2012-03-10 18:00:00,NA,True,360,False,1296,NaN
379,2012-03-13 17:35:00,2012-03-13 17:35:00,16000,200,N17W66,11429,M7.9,2012-03-13 17:36:00,NA,True,360,False,1884,NaN
380,2012-03-18 00:20:00,2012-03-18 00:20:00,16000,200,NaN,NaN,NaN,2012-03-18 00:24:00,NA,True,360,False,1210,NaN
381,2012-03-24 00:40:00,2012-03-24 00:40:00,16000,300,NaN,NaN,NaN,2012-03-24 00:24:00,NA,True,360,False,1152,NaN
382,2012-03-26 23:15:00,2012-03-26 23:15:00,16000,1500,NaN,NaN,NaN,2012-03-26 23:12:00,NA,True,360,False,1390,NaN
383,2012-03-27 21:45:00,2012-03-27 21:45:00,4000,1500,NaN,NaN,NaN,2012-03-27 22:00:00,261,False,101,False,622,NaN
384,2012-04-09 12:20:00,2012-04-09 12:20:00,16000,5000,N20W65,11451,C3.9,2012-04-09 12:36:00,NA,True,360,False,921,NaN
385,2012-04-15 02:30:00,2012-04-15 02:30:00,16000,4000,N10E90,11461,C1.7,2012-04-15 02:24:00,79,False,173,False,1220,NaN
386,2012-05-17 01:40:00,2012-05-17 01:40:00,16000,300,N11W76,11476,M5.1,2012-05-17 01:48:00,NA,True,360,False,1582,NaN
387,2012-07-04 17:00:00,2012-07-04 17:00:00,14000,8000,N14W34,11513,M1.8,2012-07-04 17:24:00,NA,True,360,False,662,NaN
388,2012-07-05 22:40:00,2012-07-05 22:40:00,3000,800,S12W46,11515,M1.6,2012-07-05 22:00:00,220,False,94,False,980,NaN
389,2012-07-06 23:10:00,2012-07-06 23:10:00,16000,300,S13W59,11515,X1.1,2012-07-06 23:24:00,NA,True,360,False,1828,NaN
390,2012-07-08 16:35:00,2012-07-08 16:35:00,16000,300,S17W74,11515,M6.9,2012-07-08 16:54:00,212,False,157,False,1495,NaN
391,2012-07-12 16:45:00,2012-07-12 16:45:00,14000,250,S15W01,11520,X1.4,2012-07-12 16:48:00,NA,True,360,False,885,NaN
392,2012-07-17 14:40:00,2012-07-17 14:40:00,12000,150,S28W65,11520,C9.9,2012-07-17 13:48:00,255,False,176,False,958,NaN
393,2012-07-19 05:30:00,2012-07-19 05:30:00,5000,600,S13W88,11520,M7.7,2012-07-19 05:24:00,NA,True,360,False,1631,NaN
394,2012-07-23 02:30:00,2012-07-23 02:30:00,16000,20,S17W132,11520,NaN,2012-07-23 02:36:00,NA,True,360,False,2003,NaN
395,2012-08-31 20:00:00,2012-08-31 20:00:00,16000,400,S25E59,11563,C8.1,2012-08-31 20:00:00,NA,True,360,False,1442,NaN
396,2012-09-27 23:55:00,2012-09-27 23:55:00,16000,250,N06W34,11577,C3.7,2012-09-28 00:12:00,NA,True,360,False,947,NaN
397,2012-10-22 01:50:00,2012-10-22 01:50:00,1000,200,S10E76,11598,M1.3,2012-10-21 20:57:00,83,False,243,False,496,NaN
398,2013-01-16 22:00:00,2013-01-16 22:00:00,1000,200,S33W64,11650,C2.2,2013-01-16 19:00:00,211,False,250,False,648,NaN
399,2013-03-15 07:00:00,2013-03-15 07:00:00,14000,100,N11E12,11692,M1.1,2013-03-15 07:12:00,NA,True,360,False,1063,NaN
400,2013-04-11 07:10:00,2013-04-11 07:10:00,10000,200,N09E12,11719,M6.5,2013-04-11 07:24:00,NA,True,360,False,861,NaN
401,2013-04-18 18:00:00,2013-04-18 18:00:00,16000,4000,N11W83,11719,C6.5,2013-04-18 18:24:00,284,False,199,False,495,NaN
402,2013-04-21 20:25:00,2013-04-21 20:25:00,14000,1700,S19W53,11723,C2.7,2013-04-21 20:36:00,255,False,212,False,562,NaN
403,2013-05-13 02:20:00,2013-05-13 02:20:00,16000,2000,N11E90,11748,X1.7,2013-05-13 02:00:00,NA,True,360,False,1270,NaN
404,2013-05-13 16:15:00,2013-05-13 16:15:00,16000,300,N11E85,11748,X2.8,2013-05-13 16:07:00,NA,True,360,False,1850,NaN
405,2013-05-14 01:16:00,2013-05-14 01:16:00,16000,700,N08E77,11748,X3.2,2013-05-14 01:25:00,NA,True,360,False,2625,NaN
406,2013-05-15 01:49:00,2013-05-15 01:49:00,16000,250,N12E64,11748,X1.2,2013-05-15 01:48:00,NA,True,360,False,1366,NaN
407,2013-05-22 13:10:00,2013-05-22 13:10:00,16000,150,N15W70,11745,M5.0,2013-05-22 13:25:00,NA,True,360,False,1466,NaN
408,2013-06-21 03:35:00,2013-06-21 03:35:00,14000,2000,S16E73,11777,M2.9,2013-06-21 03:12:00,123,False,207,True,1900,NaN
409,2013-06-28 01:53:00,2013-06-28 01:53:00,14000,400,S18W19,11777,C4.4,2013-06-28 02:00:00,NA,True,360,False,1037,NaN
410,2013-07-04 20:57:00,2013-07-04 20:57:00,11000,2900,S14E62,11787,C6.8,2013-07-04 20:12:00,111,False,188,False,468,NaN
411,2013-08-06 02:01:00,2013-08-06 02:01:00,14000,11000,N27E25,EP,B4.5,2013-08-06 02:12:00,48,False,207,False,441,NaN
412,2013-08-17 20:25:00,2013-08-17 20:25:00,1800,150,S05W30,11818,M1.4,2013-08-17 19:12:00,NA,True,360,False,1202,NaN
413,2013-08-30 02:34:00,2013-08-30 02:34:00,14000,50,N15E46,11836,C8.3,2013-08-30 02:48:00,NA,True,360,False,949,NaN
414,2013-09-06 22:29:00,2013-09-06 22:29:00,5000,2000,N10E104,DIM,NaN,2013-09-06 20:48:00,90,False,182,False,734,NaN
415,2013-09-29 21:53:00,2013-09-29 21:53:00,14000,60,N17W29,EP,C1.3,2013-09-29 22:12:00,NA,True,360,False,1179,NaN
416,2013-10-02 20:46:00,2013-10-02 20:46:00,10000,5200,N20W85,DIM,C1.2,2013-10-02 20:36:00,309,False,263,False,619,NaN
417,2013-10-05 07:00:00,2013-10-05 07:00:00,16000,200,S22E118,11865,NaN,2013-10-05 07:09:00,NA,True,360,False,964,NaN
418,2013-10-11 07:23:00,2013-10-11 07:23:00,14000,100,N21E103,11869,NaN,2013-10-11 07:24:00,NA,True,360,False,1200,NaN
419,2013-10-13 18:47:00,2013-10-13 18:47:00,2100,600,NaN,NaN,NaN,2013-10-13 14:12:00,NaN,False,83,False,293,NaN
420,2013-10-22 21:33:00,2013-10-22 21:33:00,14000,650,N04W01,11875,M4.2,2013-10-22 21:48:00,NA,True,360,False,459,NaN
421,2013-10-25 15:08:00,2013-10-25 15:08:00,16000,200,S06E69,11882,X2.1,2013-10-25 15:12:00,NA,True,360,False,1081,NaN
422,2013-10-26 03:01:00,2013-10-26 03:01:00,14000,200,N09W44,11875,C4.5,2013-10-26 03:12:00,271,False,208,False,473,NaN
423,2013-10-26 09:34:00,2013-10-26 09:34:00,14000,5000,N08W49,11875,M1.3,2013-10-26 09:48:00,286,False,141,False,460,NaN
424,2013-10-27 18:12:00,2013-10-27 18:12:00,14000,1700,N06W70,11875,C9.1,2013-10-27 18:12:00,308,False,189,False,795,NaN
425,2013-10-28 04:41:00,2013-10-28 04:41:00,14000,200,N08W71,11875,M5.1,2013-10-28 04:48:00,315,False,156,False,1201,NaN
426,2013-10-28 15:24:00,2013-10-28 15:24:00,14000,9000,S06E28,11882,M4.4,2013-10-28 15:36:00,NA,True,360,False,812,NaN
427,2013-11-04 05:10:00,2013-11-04 05:10:00,16000,450,N03W165,11875,NaN,2013-11-04 05:12:00,NA,True,360,False,1040,NaN
428,2013-11-07 10:26:00,2013-11-07 10:26:00,16000,100,N02E151,11899,NaN,2013-11-07 10:36:00,NA,True,360,False,1405,NaN
429,2013-11-19 10:39:00,2013-11-19 10:39:00,14000,100,S14W70,11893,X1.0,2013-11-19 10:36:00,NA,True,360,False,740,NaN
430,2013-11-29 22:18:00,2013-11-29 22:18:00,1800,100,N06W183,11899,NaN,2013-11-29 17:24:00,251,False,188,False,465,NaN
431,2013-12-05 12:45:00,2013-12-05 12:45:00,4200,1600,S20E119,DIM,NaN,2013-12-05 10:24:00,133,False,148,False,549,NaN
432,2013-12-05 20:48:00,2013-12-05 20:48:00,14000,2500,NaN,NaN,NaN,,NaN,False,NaN,False,NaN,LASCO DG
433,2013-12-07 07:43:00,2013-12-07 07:43:00,14000,3000,S16W49,11909,M1.2,2013-12-07 07:36:00,NA,True,360,False,1085,NaN
434,2013-12-12 03:55:00,2013-12-12 03:55:00,12000,70,S23W46,11912,C4.6,2013-12-12 03:36:00,214,False,276,False,1002,NaN
435,2013-12-20 08:23:00,2013-12-20 08:23:00,1500,400,NaN,NaN,NaN,2013-12-20 04:36:00,255,False,26,False,337,NaN
436,2013-12-28 17:31:00,2013-12-28 17:31:00,16000,500,S15W125,11928,NaN,2013-12-28 17:36:00,NA,True,360,False,1118,NaN
437,2014-01-04 17:41:00,2014-01-04 17:41:00,9000,100,NaN,NaN,NaN,,NaN,False,NaN,False,NaN,LASCO_DG
438,2014-01-04 19:03:00,2014-01-04 19:03:00,6500,100,NaN,NaN,NaN,,NaN,False,NaN,False,NaN,LASCO_DG
439,2014-01-06 07:57:00,2014-01-06 07:57:00,14000,80,S15W112,11936,NaN,2014-01-06 08:00:00,NA,True,360,False,1402,NaN
440,2014-01-07 18:33:00,2014-01-07 18:33:00,14000,60,S15W11,11943,X1.2,2014-01-07 18:24:00,NA,True,360,False,1830,NaN
441,2014-01-20 22:24:00,2014-01-20 22:24:00,14000,8000,S07E67,DIM,C3.6,2014-01-20 22:00:00,NA,True,360,False,721,NaN
442,2014-02-18 02:16:00,2014-02-18 02:16:00,2000,900,S24W43,EP,NaN,2014-02-18 01:36:00,NA,True,360,False,779,NaN
443,2014-02-20 08:05:00,2014-02-20 08:05:00,12000,7700,S15W73,11976,M3.0,2014-02-20 08:00:00,NA,True,360,False,948,NaN
444,2014-02-25 00:56:00,2014-02-25 00:56:00,14000,100,S13E82,11990,X4.9,2014-02-25 01:25:00,NA,True,360,False,2147,NaN
445,2014-03-04 18:24:00,2014-03-04 18:24:00,16000,2000,N13W170,12005,NaN,2014-03-04 18:48:00,NA,True,360,False,794,NaN
446,2014-03-05 13:33:00,2014-03-05 13:33:00,16000,500,N14E180,NaN,NaN,2014-03-05 13:48:00,NA,True,360,False,828,NaN
447,2014-03-25 07:52:00,2014-03-25 07:52:00,1700,400,S23W130,EP,NaN,2014-03-25 05:36:00,261,False,223,False,651,NaN
448,2014-03-29 00:12:00,2014-03-29 00:12:00,14000,2200,N11W23,12017,M2.6,2014-03-28 23:48:00,325,False,138,False,514,NaN
449,2014-03-29 17:59:00,2014-03-29 17:59:00,14000,200,S08W152,12011,NaN,2014-03-29 18:12:00,NA,True,360,False,528,NaN
450,2014-04-02 13:42:00,2014-04-02 13:42:00,14000,60,N11E53,12027,M6.5,2014-04-02 13:36:00,NA,True,360,False,1471,NaN
451,2014-04-02 18:49:00,2014-04-02 18:49:00,2400,200,NaN,NaN,NaN,,NaN,False,NaN,False,NaN,NaN
452,2014-04-04 14:02:00,2014-04-04 14:02:00,14000,11000,N13E26,12027,C8.3,2014-04-04 14:12:00,54,False,96,False,467,NaN
453,2014-04-18 13:05:00,2014-04-18 13:05:00,14000,150,S20W34,12036,M7.3,2014-04-18 13:25:00,NA,True,360,False,1203,NaN
454,2014-05-07 16:24:00,2014-05-07 16:24:00,16000,200,N11E53,12027,NaN,2014-05-07 16:24:00,NA,True,360,False,923,NaN
455,2014-05-08 03:21:00,2014-05-08 03:21:00,16000,1100,S09W108,12051,NaN,2014-05-08 03:24:00,NA,True,360,False,847,NaN
456,2014-05-09 02:40:00,2014-05-09 02:40:00,14000,500,S11W122,12051,NaN,2014-05-09 02:48:00,NA,True,360,False,1099,NaN
457,2014-05-10 04:32:00,2014-05-10 04:32:00,16000,400,S11W136,12051,NaN,2014-05-10 04:36:00,NA,True,360,False,1086,NaN
458,2014-06-10 12:58:00,2014-06-10 12:58:00,16000,1000,S17E82,12087,X1.5,2014-06-10 13:30:00,NA,True,360,False,1469,NaN
459,2014-06-12 22:14:00,2014-06-12 22:14:00,14000,6000,S20W55,12085,M3.1,2014-06-12 22:12:00,233,False,186,False,684,NaN
460,2014-07-30 07:44:00,2014-07-30 07:44:00,6300,4500,N10E30,EP?,C1.5,2014-07-30 07:00:00,13,False,254,False,700,NaN
461,2014-08-01 18:58:00,2014-08-01 18:58:00,1000,150,S10E11,12127,M1.5,2014-08-01 18:36:00,NA,True,360,False,789,NaN
462,2014-08-22 10:37:00,2014-08-22 10:37:00,14000,6000,N12E01,12146,C2.2,2014-08-22 11:12:00,NA,True,360,False,600,NaN
463,2014-08-25 15:20:00,2014-08-25 15:20:00,14000,4000,N05W36,12146,M2.0,2014-08-25 15:36:00,NA,True,360,False,555,NaN
464,2014-08-25 20:43:00,2014-08-25 20:43:00,14000,7200,N07W43,12146,M3.9,2014-08-25 20:48:00,273,False,177,False,711,NaN
465,2014-08-28 17:05:00,2014-08-28 17:05:00,16000,600,S19E162,12157,NaN,2014-08-28 17:24:00,NA,True,360,False,766,NaN
466,2014-09-01 11:12:00,2014-09-01 11:12:00,16000,600,N14E127,12158,NaN,2014-09-01 11:12:00,NA,True,360,False,1901,NaN
467,2014-09-09 00:05:00,2014-09-09 00:05:00,11000,100,N12E29,12158,M4.5,2014-09-09 00:06:00,NA,True,360,False,920,NaN
468,2014-09-10 17:45:00,2014-09-10 17:45:00,14000,100,N14E02,12158,X1.6,2014-09-10 18:00:00,NA,True,360,False,1267,NaN
469,2014-09-20 05:10:00,2014-09-20 05:10:00,14000,9700,S11W89,12164,NaN,2014-09-20 05:24:00,292,False,87,False,426,NaN
470,2014-09-22 06:13:00,2014-09-22 06:13:00,16000,4900,N14W142,12158,NaN,2014-09-22 06:12:00,342,False,252,False,618,NaN
471,2014-09-23 23:41:00,2014-09-23 23:41:00,14000,12000,S13E33,12172,M2.3,2014-09-23 23:36:00,109,False,134,False,331,NaN
472,2014-09-24 20:54:00,2014-09-24 20:54:00,16000,500,N13E179,EP,NaN,2014-09-24 21:30:00,NA,True,360,False,1350,NaN
473,2014-10-02 21:34:00,2014-10-02 21:34:00,3300,1900,S17W82,12173,M7.3,2014-10-02 19:12:00,264,False,159,False,513,faint
474,2014-10-10 18:11:00,2014-10-10 18:11:00,2500,1500,S20W51,EP,C3.0,2014-10-10 16:12:00,309,False,210,True,782,NaN
475,2014-10-21 12:33:00,2014-10-21 12:33:00,14000,8900,S18E36,12192,C4.4,2014-10-21 12:48:00,152,False,142,False,260,NaN
476,2014-11-08 16:57:00,2014-11-08 16:57:00,14000,7800,W90b,12203,NaN,2014-11-08 16:36:00,305,False,141,False,426,NaN
477,2014-12-13 14:27:00,2014-12-13 14:27:00,14000,3900,W90b,NaN,NaN,2014-12-13 14:24:00,NA,True,360,False,2222,NaN
478,2014-12-17 04:09:00,2014-12-17 04:09:00,2900,2100,S11E33,12241,M1.1,2014-12-17 02:00:00,107,False,108,False,869,NaN
479,2014-12-17 05:00:00,2014-12-17 05:00:00,14000,11500,S20E09,12242,M8.7,2014-12-17 05:00:00,NA,True,360,False,587,NaN
480,2014-12-18 22:31:00,2014-12-18 22:31:00,5100,1300,S11E15,12241,M6.9,2014-12-19 01:04:00,NA,True,360,False,1195,"LASCO_DG, reverse drifts, interaction?, CME later in C3"
481,2014-12-21 12:05:00,2014-12-21 12:05:00,14000,7400,S14W25,12241,M1.0,2014-12-21 12:12:00,NA,True,360,False,669,NaN
